code;economy;year;financing;gov_support;taxes_bureaucracy;gov_programs;basic_school_entrepreneurship;post_school_entrepreneurship;rd_transfer;commercial_professional_infraestruture;internal_market_dynamics;internal_market_openess;physical_infrastructure;cultural_social_norms
244;Angola;2020;2.18;2.50;1.98;2.00;1.93;2.20;1.74;2.14;3.07;2.09;2.23;2.85
43;Austria;2020;2.88;2.79;2.53;3.60;1.74;2.67;2.77;3.27;2.70;3.34;4.20;2.63
55;Brazil;2020;2.73;2.36;1.85;2.56;1.94;2.73;2.16;2.79;3.73;2.55;3.40;2.89
226;Burkina Faso;2020;1.95;2.16;2.34;2.35;1.55;2.25;2.04;2.89;2.47;2.25;2.76;2.60
56;Chile;2020;2.17;2.54;2.78;3.02;1.82;2.81;2.40;2.82;2.66;2.23;3.99;3.05
57;Colombia;2020;2.38;2.70;2.19;2.81;2.35;3.68;2.56;2.85;2.99;2.78;3.42;3.32
385;Croatia;2020;2.67;2.14;1.98;2.22;1.82;2.30;2.04;2.81;3.18;2.19;3.55;2.24
357;Cyprus;2020;2.32;2.98;3.29;2.64;2.06;2.81;2.62;3.09;2.81;2.73;3.45;2.55
20;Egypt;2020;2.73;2.73;2.21;2.64;1.83;2.67;2.26;2.81;3.06;2.71;3.74;2.84
49;Germany;2020;3.16;2.84;2.59;3.60;2.15;2.87;2.88;3.32;3.04;2.78;3.57;2.92
30;Greece;2020;2.58;3.05;2.31;2.45;2.00;2.63;2.69;2.82;3.13;2.64;3.31;2.75
502;Guatemala;2020;2.15;1.93;2.26;2.16;1.91;3.24;2.30;3.04;2.38;2.39;3.57;3.10
91;India;2020;3.63;3.42;3.27;3.37;3.02;3.12;3.32;3.65;3.87;3.53;3.88;3.60
62;Indonesia;2020;3.44;3.66;3.51;3.53;3.83;3.95;3.74;3.45;3.61;3.53;3.81;3.89
98;Iran;2020;2.47;2.46;2.06;2.19;1.87;2.48;2.55;2.53;2.82;2.12;3.74;3.09
972;Israel;2020;3.17;2.45;2.30;2.86;2.48;3.19;3.03;3.67;3.30;3.03;4.14;3.94
39;Italy;2020;2.83;2.71;1.99;2.51;2.07;2.71;2.80;3.05;2.49;2.75;3.20;2.49
81;Japan;2020;3.01;2.86;2.60;2.61;1.93;2.62;2.76;2.55;4.00;2.88;3.95;2.60
701;Kazakhstan;2020;2.31;2.96;2.72;2.85;2.06;2.64;1.91;2.86;3.49;2.18;3.37;2.96
965;Kuwait;2020;2.76;2.28;2.75;2.08;1.96;2.47;2.20;3.06;3.14;2.49;3.82;3.27
371;Latvia;2020;2.93;2.72;1.87;3.17;2.78;2.94;2.80;3.15;3.05;2.21;3.54;2.90
352;Luxembourg;2020;2.61;2.96;3.23;3.51;2.62;3.01;3.35;3.47;2.49;2.91;3.49;2.89
52;Mexico;2020;2.45;1.98;2.23;2.33;1.92;3.47;2.43;2.72;2.99;2.48;3.47;3.11
212;Morocco;2020;2.32;2.79;2.36;2.52;1.67;2.65;1.98;2.90;2.67;2.08;3.43;2.32
31;Netherlands;2020;3.61;3.52;3.40;3.73;3.51;3.70;3.54;3.61;3.16;3.61;4.29;3.79
47;Norway;2020;3.28;3.25;3.08;3.59;3.26;3.32;3.04;3.75;2.57;3.32;4.25;3.57
968;Oman;2020;3.00;3.10;2.71;3.09;2.67;3.12;2.72;2.85;3.38;3.10;3.46;3.50
507;Panama;2020;2.30;2.46;2.66;2.79;1.69;2.68;2.32;2.87;2.44;2.55;3.92;3.26
48;Poland;2020;2.64;2.69;1.99;2.62;1.86;2.36;2.22;2.95;3.86;2.49;3.67;2.74
1787;Puerto Rico;2020;2.39;1.84;1.53;2.24;1.54;2.66;2.29;2.76;2.93;2.35;2.92;3.05
974;Qatar;2020;3.10;3.27;3.28;3.33;3.14;3.41;3.15;3.34;3.36;2.93;3.91;3.39
7;Russian Federation;2020;2.34;2.13;2.08;2.22;2.00;2.62;1.84;2.76;3.34;2.20;3.63;2.49
966;Saudi Arabia;2020;3.42;3.54;3.12;3.41;2.09;2.83;2.87;3.26;3.80;3.37;4.31;3.61
421;Slovak Republic;2020;2.83;2.45;2.19;2.57;2.05;2.78;2.07;2.96;2.53;2.90;3.61;2.22
386;Slovenia;2020;2.70;2.66;2.38;2.74;2.24;2.84;2.62;3.01;3.33;2.85;3.80;2.76
82;South Korea;2020;3.28;3.55;3.01;3.38;2.52;2.84;2.76;2.87;4.30;2.74;4.17;3.09
34;Spain;2020;2.68;2.89;2.46;3.36;1.84;3.18;2.99;3.72;2.74;2.76;3.41;2.65
46;Sweden;2020;3.12;2.34;2.13;2.46;2.49;2.74;2.26;3.21;3.26;2.68;3.74;3.06
41;Switzerland;2020;3.37;2.90;3.33;3.36;2.20;3.10;3.18;3.73;2.32;3.12;4.18;3.47
886;Taiwan;2020;3.30;3.86;3.38;3.56;2.69;3.24;3.30;3.55;3.53;3.27;4.45;3.63
228;Togo;2020;2.18;2.78;2.76;2.74;1.55;2.48;2.05;3.02;2.46;2.29;2.58;2.45
971;United Arab Emirates;2020;3.11;3.81;3.43;3.48;3.39;3.31;3.01;3.37;3.51;3.11;4.00;3.93
44;United Kingdom;2020;3.29;2.76;3.06;2.86;2.24;2.83;2.73;3.30;3.16;3.05;3.55;3.33
598;Uruguay;2020;2.35;2.99;2.69;3.62;1.94;3.75;3.03;3.40;2.16;2.74;4.08;2.73
1;United States of America;2020;3.26;2.55;2.59;2.68;2.37;3.29;2.71;3.43;3.29;2.84;3.91;4.05
374;Armenia;2019;2.48;2.69;3.19;2.42;2.06;2.37;2.16;3.35;3.12;2.76;3.91;3.55
61;Australia;2019;3.10;2.62;2.70;2.82;2.43;2.81;2.52;3.09;2.70;2.88;3.53;3.15
375;Belarus;2019;2.21;2.28;2.73;2.12;2.00;2.86;2.30;3.10;3.28;2.67;4.08;2.39
55;Brazil;2019;2.93;2.50;1.87;2.56;1.78;2.67;2.25;2.82;3.44;2.49;3.23;2.47
359;Bulgaria;2019;2.75;1.89;2.80;2.07;1.95;2.53;2.17;3.03;3.10;2.68;4.09;2.50
101;Canada;2019;3.16;3.14;2.76;2.93;2.71;3.04;2.66;3.22;2.98;2.94;3.88;3.61
56;Chile;2019;2.42;2.88;2.85;3.24;1.85;2.92;2.41;2.70;2.58;2.51;4.21;3.13
86;China;2019;3.41;3.36;3.52;3.18;2.56;3.32;3.28;3.20;3.83;3.11;4.16;3.81
57;Colombia;2019;2.23;2.97;2.16;2.77;2.11;3.25;2.35;2.52;2.75;2.55;3.30;2.88
385;Croatia;2019;2.70;2.14;1.92;2.27;1.77;2.17;1.97;2.49;3.21;2.21;3.58;1.98
357;Cyprus;2019;2.41;2.69;3.03;2.59;2.17;3.13;2.51;3.02;2.79;2.72;3.70;2.78
593;Ecuador;2019;2.06;2.21;1.96;2.30;2.30;3.20;2.13;2.72;3.03;2.41;3.88;3.40
20;Egypt;2019;2.81;2.61;2.22;2.60;1.74;2.51;2.15;2.81;3.32;2.77;3.79;2.97
49;Germany;2019;3.13;2.60;2.64;3.56;1.97;2.93;2.89;3.59;3.43;3.08;3.63;2.92
30;Greece;2019;2.52;2.40;1.88;2.30;1.93;2.71;2.68;3.02;3.08;2.61;3.47;2.73
502;Guatemala;2019;1.91;1.83;2.31;2.10;2.04;3.07;1.91;2.75;2.36;2.21;3.20;2.76
91;India;2019;3.37;3.46;3.05;3.25;3.08;3.36;3.15;3.34;3.81;3.31;3.86;3.55
62;Indonesia;2019;3.24;3.41;3.06;3.12;2.97;3.43;3.29;3.24;3.80;3.32;3.49;3.70
98;Iran;2019;2.16;2.11;2.21;2.12;2.05;2.22;2.11;1.99;2.14;2.14;2.32;2.05
353;Ireland;2019;2.93;2.56;2.76;3.16;2.13;2.85;2.63;2.95;3.00;2.92;3.23;3.35
972;Israel;2019;3.08;2.61;2.18;2.67;2.15;2.80;2.83;3.22;2.99;2.61;3.91;4.09
39;Italy;2019;2.80;2.39;2.18;2.67;2.14;2.95;2.90;2.98;2.93;2.82;3.17;2.71
81;Japan;2019;3.03;3.03;2.62;2.73;1.83;2.85;2.77;2.56;3.49;2.77;4.05;2.67
962;Jordan;2019;2.95;2.91;2.50;2.75;2.25;3.11;3.01;3.54;3.79;2.73;4.05;3.41
371;Latvia;2019;2.92;2.74;2.47;3.04;2.62;2.79;2.69;3.41;2.88;2.95;3.92;3.05
352;Luxembourg;2019;2.71;3.38;3.16;3.48;2.62;3.16;3.17;3.28;2.21;3.06;3.74;2.98
261;Madagascar;2019;2.08;2.41;2.36;2.01;1.61;3.24;2.06;2.63;2.83;2.28;2.67;2.71
261;Mexico;2019;2.60;2.55;2.38;2.75;2.20;3.46;2.67;2.91;2.90;2.77;3.94;3.50
212;Morocco;2019;2.37;2.41;2.45;2.45;1.80;2.66;2.05;2.90;2.83;2.14;3.63;2.43
31;Netherlands;2019;3.64;3.41;3.25;3.60;3.30;3.44;3.22;3.58;3.20;3.51;4.32;3.68
389;North Macedonia;2019;2.43;2.18;2.17;2.30;2.06;2.51;2.22;2.91;3.04;2.19;3.38;2.41
47;Norway;2019;3.27;3.06;2.80;3.23;3.13;3.36;2.84;3.56;3.02;2.88;4.22;3.59
968;Oman;2019;2.70;2.75;2.64;2.75;2.31;2.79;2.60;2.85;3.17;2.61;3.47;3.36
92;Pakistan;2019;2.40;2.25;1.96;2.28;2.07;2.71;2.04;2.57;2.96;2.70;3.75;2.86
507;Panama;2019;2.19;1.95;2.56;2.59;1.73;2.60;2.12;2.69;2.57;2.55;3.96;3.15
595;Paraguay;2019;1.91;1.86;2.34;2.28;1.64;2.46;1.90;2.27;2.29;2.47;3.31;2.91
48;Poland;2019;3.00;2.62;2.07;2.68;1.59;2.25;2.35;2.74;3.68;2.55;3.89;2.53
351;Portugal;2019;2.92;2.68;1.85;2.74;1.94;2.86;2.43;3.02;2.61;2.40;3.95;2.34
787;Puerto Rico;2019;2.27;1.92;1.41;2.04;1.47;2.48;2.18;2.44;3.04;2.00;2.83;2.37
974;Qatar;2019;3.20;3.48;3.47;3.46;3.12;3.56;3.10;3.35;3.44;3.04;4.10;3.62
7;Russia;2019;2.40;2.34;2.16;2.51;2.16;2.61;2.12;2.94;3.51;2.28;3.44;2.55
966;Saudi Arabia;2019;3.00;3.50;3.07;3.14;2.09;2.59;2.62;2.87;3.41;2.85;3.65;3.39
421;Slovakia;2019;2.72;2.01;1.99;2.35;1.94;2.70;2.07;3.01;2.81;2.79;4.04;2.32
386;Slovenia;2019;2.81;2.61;2.37;3.04;2.07;2.66;2.55;3.10;3.17;2.92;3.92;2.47
27;South Africa;2019;2.53;2.35;1.95;2.10;1.70;2.28;2.14;2.72;2.80;2.26;2.99;2.48
82;South Korea;2019;3.02;3.63;2.81;3.18;2.31;2.65;2.63;2.73;4.10;2.61;4.03;2.92
34;Spain;2019;3.00;3.26;3.10;3.53;1.95;3.32;3.24;3.58;3.18;3.06;3.94;2.93
46;Sweden;2019;3.07;2.37;2.37;2.86;2.70;2.93;2.66;3.13;3.57;2.90;4.05;3.09
41;Switzerland;2019;3.24;3.39;3.51;3.51;2.85;3.59;3.58;3.57;2.81;3.21;4.54;3.72
886;Taiwan;2019;3.27;3.42;3.20;3.30;2.56;3.08;3.19;3.34;3.57;3.16;4.45;3.46
66;Thailand;2019;3.03;2.77;2.62;2.67;2.21;2.94;2.66;3.02;3.56;2.80;4.21;3.43
971;United Arab Emirates;2019;3.04;3.72;3.37;3.49;3.23;3.27;2.90;3.30;3.50;3.09;4.13;3.74
44;United Kingdom;2019;3.13;2.61;3.05;2.76;2.31;2.86;2.42;3.01;3.00;3.12;3.66;3.37
1;United States;2019;3.47;2.75;3.03;2.66;2.51;3.19;2.74;3.37;2.94;2.77;4.13;4.19
244;Angola;2018;1.66;2.20;2.31;1.88;2.00;2.32;1.71;2.68;2.98;2.25;2.43;2.85
54;Argentina;2018;1.93;3.79;2.24;3.19;1.82;3.09;2.70;3.05;3.31;2.54;3.30;3.21
43;Austria;2018;3.01;2.80;2.41;3.74;1.63;3.16;2.71;3.66;2.69;3.46;4.46;2.31
55;Brazil;2018;2.92;1.78;1.45;2.08;1.54;2.46;2.12;2.69;3.46;2.20;3.22;2.10
359;Bulgaria;2018;3.19;1.97;2.76;2.16;1.79;2.44;2.08;3.10;2.81;2.34;4.07;2.16
101;Canada;2018;3.13;2.95;2.61;2.95;2.47;2.85;2.86;3.64;2.56;2.73;4.01;3.32
56;Chile;2018;2.35;3.14;2.85;3.38;1.47;3.03;2.25;2.47;2.63;2.26;4.28;3.23
86;China;2018;2.75;2.90;2.76;2.72;2.06;3.14;2.43;2.51;4.04;2.64;4.37;3.62
57;Colombia;2018;1.97;2.31;2.26;2.74;2.10;3.42;2.06;2.59;2.46;2.48;3.75;3.21
385;Croatia;2018;2.41;1.69;1.34;2.02;1.52;2.27;1.79;2.24;3.14;1.82;3.33;1.72
357;Cyprus;2018;2.30;2.83;3.13;2.24;1.98;3.20;2.51;3.21;2.85;2.73;3.89;2.57
809;Dominican Republic;2018;1.71;2.14;2.30;3.02;1.52;3.08;1.69;2.58;2.62;2.26;3.89;3.37
20;Egypt;2018;2.61;2.62;2.16;2.41;1.48;2.22;2.12;2.69;3.09;2.62;3.88;2.76
33;France;2018;2.84;3.59;3.20;3.41;1.73;3.38;2.87;3.18;2.58;2.33;4.52;2.85
49;Germany;2018;2.84;2.60;2.63;3.47;1.84;2.73;2.77;3.39;3.06;3.10;3.61;2.65
30;Greece;2018;2.44;2.02;1.65;2.01;1.69;2.35;2.38;2.70;2.71;2.24;3.81;2.48
502;Guatemala;2018;1.70;1.48;2.19;1.91;1.48;3.39;1.98;2.83;2.40;2.28;3.66;3.02
91;India;2018;3.39;3.79;2.84;3.44;2.72;3.13;3.15;3.45;3.87;3.14;3.91;3.32
62;Indonesia;2018;3.56;3.79;3.30;3.41;3.04;3.85;3.30;3.45;3.99;3.29;3.86;3.92
98;Iran;2018;2.31;2.29;1.82;1.80;1.75;2.25;1.95;2.17;3.42;2.35;3.40;2.48
353;Ireland;2018;3.16;2.98;2.70;3.41;2.29;3.04;2.76;3.12;2.54;3.02;3.24;3.23
972;Israel;2018;3.15;2.23;1.65;2.40;1.71;2.79;2.65;3.44;2.82;2.23;4.05;4.13
39;Italy;2018;2.80;2.42;1.93;2.37;1.68;2.68;2.40;2.58;3.00;2.58;3.00;2.17
81;Japan;2018;2.98;3.23;2.54;2.71;1.48;2.58;3.00;2.63;4.22;2.71;4.33;2.21
701;Kazakhstan;2018;2.12;3.31;2.76;2.79;2.03;2.48;1.93;2.87;3.26;2.27;3.62;2.99
371;Latvia;2018;2.86;2.49;2.23;2.69;2.50;2.86;2.32;3.61;2.53;2.75;4.11;2.84
961;Lebanon;2018;2.85;2.01;2.12;2.30;2.43;2.97;2.01;3.08;2.63;2.24;2.42;3.89
352;Luxembourg;2018;2.44;3.34;3.20;3.74;2.38;3.31;3.07;3.18;2.30;3.13;4.01;2.89
261;Madagascar;2018;1.75;2.06;1.98;1.81;1.51;3.26;1.99;2.64;3.12;2.03;2.58;2.30
52;Mexico;2018;2.41;2.74;2.30;3.05;1.88;3.48;2.54;2.69;3.34;2.24;3.95;3.38
212;Morocco;2018;2.19;2.13;2.45;2.07;1.31;2.48;1.65;3.00;2.70;1.91;3.93;2.31
258;Mozambique;2018;1.26;1.26;1.60;1.50;1.25;1.50;1.17;2.19;2.97;1.96;2.97;1.96
31;Netherlands;2018;3.54;3.30;3.26;3.43;3.24;3.72;3.15;3.63;3.22;3.48;4.56;3.71
507;Panama;2018;1.88;1.79;2.05;2.58;1.31;2.49;1.98;2.11;2.41;1.81;3.61;2.78
51;Peru;2018;2.18;2.10;2.03;2.56;1.91;2.99;2.09;2.48;2.49;2.47;3.42;3.30
48;Poland;2018;3.20;2.99;1.93;2.68;1.67;2.45;2.27;2.96;4.01;2.52;4.24;2.91
787;Puerto Rico;2018;1.91;1.80;1.56;2.18;1.52;3.01;1.97;2.63;2.74;2.16;2.86;2.82
974;Qatar;2018;3.13;3.75;3.48;3.57;3.67;3.95;3.47;3.39;3.81;3.23;4.27;3.68
7;Russia;2018;2.05;2.23;2.06;2.02;1.74;2.90;1.69;3.02;3.77;1.91;3.61;2.76
966;Saudi Arabia;2018;1.97;2.75;2.25;2.41;1.22;1.90;1.75;2.25;2.92;2.21;3.68;3.25
421;Slovakia;2018;2.85;1.50;1.79;2.06;1.65;2.33;1.96;3.21;2.57;2.72;4.23;1.75
386;Slovenia;2018;3.00;2.64;1.99;2.95;1.87;2.91;2.61;2.99;3.10;2.90;4.14;2.25
82;South Korea;2018;2.80;3.69;2.68;3.13;2.07;2.62;2.43;2.59;4.29;2.27;3.98;3.07
34;Spain;2018;2.68;2.85;2.47;3.29;2.13;3.25;2.76;3.13;2.89;2.77;3.72;3.04
249;Sudan;2018;2.33;1.66;1.81;1.73;1.63;2.35;1.89;2.89;4.31;1.92;2.99;2.64
46;Sweden;2018;2.86;2.43;2.22;2.89;2.40;2.79;2.52;2.99;3.48;2.96;4.23;2.90
41;Switzerland;2018;2.79;2.86;2.88;3.42;2.08;3.21;3.26;3.43;2.73;2.95;4.58;2.76
886;Taiwan;2018;3.27;3.60;3.34;3.31;2.32;3.30;3.08;3.43;3.50;3.52;4.70;3.39
66;Thailand;2018;3.21;2.76;2.52;2.51;2.26;2.96;2.48;2.91;3.60;2.68;3.85;3.39
90;Turkey;2018;2.85;2.69;2.15;2.51;1.77;3.05;2.71;3.28;3.68;2.51;3.61;2.99
971;United Arab Emirates;2018;2.60;3.57;3.14;3.32;2.67;3.09;2.64;3.06;3.54;2.76;4.01;3.61
44;United Kingdom;2018;2.98;2.06;2.98;2.43;1.80;2.61;2.55;3.08;2.94;2.71;3.37;2.98
1;United States;2018;3.57;2.53;2.84;2.67;2.60;3.29;2.65;3.53;3.29;2.93;4.19;4.30
598;Uruguay;2018;2.15;2.58;2.10;3.30;1.60;3.44;2.63;2.76;2.27;2.42;3.63;2.12
54;Argentina;2017;2.02;3.75;1.86;3.17;1.62;3.19;2.56;2.89;3.26;2.33;3.22;3.10
61;Australia;2017;2.63;2.32;2.45;2.61;1.88;2.29;2.17;3.01;3.12;2.68;3.57;2.87
387;Bosnia and Herzegovina;2017;2.34;2.07;1.92;2.58;2.10;2.87;2.08;3.48;3.04;2.52;3.92;2.40
55;Brazil;2017;2.59;1.87;1.58;1.95;1.46;2.42;1.84;2.58;3.66;2.20;3.13;2.19
359;Bulgaria;2017;2.62;1.86;2.90;2.23;1.90;2.51;2.08;3.08;2.97;2.53;4.17;2.64
101;Canada;2017;3.10;3.05;2.98;3.24;2.37;3.08;2.93;3.63;2.53;3.09;4.09;3.55
56;Chile;2017;2.18;2.49;2.77;3.08;1.58;2.73;2.09;2.53;2.50;2.37;4.21;3.02
86;China;2017;3.31;2.84;2.59;2.82;1.88;3.05;2.56;2.61;4.26;2.58;4.30;3.23
57;Colombia;2017;2.15;2.36;2.03;2.66;2.24;3.37;2.29;2.85;2.67;2.53;3.67;3.40
385;Croatia;2017;2.42;2.06;1.43;2.21;1.54;2.25;2.04;2.78;3.55;1.91;3.53;1.80
357;Cyprus;2017;2.03;2.50;2.97;2.07;1.91;2.67;2.40;3.08;2.51;2.47;3.94;2.52
593;Ecuador;2017;1.94;2.18;1.82;2.18;2.22;3.61;2.16;3.01;2.76;2.42;4.17;3.01
20;Egypt;2017;2.46;2.51;1.88;1.99;1.22;2.03;1.73;2.36;3.45;2.47;3.64;2.38
372;Estonia;2017;3.27;3.00;3.07;3.34;2.96;3.39;2.82;3.56;2.50;3.51;4.45;3.86
33;France;2017;2.81;3.40;3.03;3.24;1.84;3.33;2.98;3.20;2.64;2.47;4.24;2.63
49;Germany;2017;2.84;2.68;2.48;3.40;1.56;2.58;2.60;3.43;2.84;2.70;3.96;2.62
30;Greece;2017;1.92;1.99;1.57;1.93;1.75;2.67;2.33;2.82;2.95;2.34;3.61;2.49
502;Guatemala;2017;1.62;1.56;2.08;1.85;1.57;3.19;1.84;2.85;1.84;2.33;3.78;3.09
91;India;2017;3.05;3.22;2.12;2.81;2.17;2.91;2.72;2.92;3.69;2.47;4.14;2.79
62;Indonesia;2017;3.71;3.74;3.42;3.45;3.07;3.73;3.11;3.32;4.17;3.26;3.87;3.56
98;Iran;2017;1.74;2.23;1.28;1.34;1.85;2.20;1.57;1.26;2.71;1.29;3.66;2.44
353;Ireland;2017;2.66;2.64;2.79;3.43;1.91;2.63;2.66;3.07;2.59;2.75;3.34;3.00
972;Israel;2017;3.31;1.85;1.58;2.25;1.89;2.71;2.54;3.29;2.71;2.21;4.12;4.28
39;Italy;2017;2.22;2.48;1.93;2.40;1.75;2.76;2.67;2.67;3.12;2.69;3.25;2.38
81;Japan;2017;2.95;2.60;2.27;2.54;1.68;2.57;2.76;2.58;4.17;2.76;4.32;2.26
701;Kazakhstan;2017;2.78;3.21;2.58;2.58;1.95;2.30;1.97;3.13;2.83;2.55;3.65;2.86
371;Latvia;2017;2.98;2.77;2.24;2.85;2.56;3.02;2.31;3.46;2.73;2.62;4.07;3.08
961;Lebanon;2017;2.75;1.86;1.91;1.79;2.82;3.65;2.31;3.16;3.24;2.51;2.75;3.16
352;Luxembourg;2017;2.46;3.05;3.35;3.48;1.89;2.98;3.11;3.39;2.19;3.14;4.13;2.50
261;Madagascar;2017;1.98;2.22;2.42;1.97;1.42;3.14;2.07;2.78;2.66;2.20;2.67;2.33
60;Malaysia;2017;3.48;2.74;2.50;2.68;2.14;2.74;2.42;2.98;3.71;3.02;4.11;3.10
52;Mexico;2017;2.60;3.18;2.40;3.20;1.59;3.53;2.62;2.99;2.76;2.39;3.87;2.95
212;Morocco;2017;2.02;2.17;2.38;2.09;1.36;2.35;1.67;2.90;2.42;1.89;3.96;2.16
31;Netherlands;2017;3.65;3.26;3.42;3.63;3.40;3.71;3.17;3.69;3.28;3.73;4.61;4.01
507;Panama;2017;1.92;2.10;2.80;2.69;1.58;2.73;2.15;2.78;2.39;2.64;4.08;2.85
51;Peru;2017;2.16;2.63;2.17;2.75;2.19;3.11;2.11;2.58;2.57;2.61;3.53;3.30
48;Poland;2017;3.03;2.70;1.85;2.42;1.49;2.70;2.11;2.96;3.97;2.69;4.14;2.72
787;Puerto Rico;2017;2.15;2.31;1.38;1.91;1.43;2.88;1.81;2.79;2.94;2.02;2.97;2.56
974;Qatar;2017;2.64;3.43;3.03;3.24;2.61;3.04;2.63;3.07;3.12;2.55;3.81;2.93
966;Saudi Arabia;2017;2.34;2.35;2.23;2.29;1.41;2.17;1.78;2.00;3.29;2.28;3.38;3.00
421;Slovakia;2017;2.90;1.94;1.70;1.99;1.96;2.75;1.84;3.14;2.86;2.37;4.04;1.98
386;Slovenia;2017;2.68;2.55;1.84;2.66;2.08;2.85;2.63;2.96;3.15;2.56;3.93;2.30
27;South Africa;2017;2.51;2.45;2.07;2.02;1.78;2.53;1.74;2.70;3.09;1.91;3.18;2.71
82;South Korea;2017;2.38;3.46;2.70;2.93;1.76;2.33;2.32;2.34;4.19;2.01;3.97;2.99
34;Spain;2017;2.52;2.28;1.85;2.95;1.82;2.79;2.28;2.89;2.39;2.18;3.54;2.33
46;Sweden;2017;2.88;2.23;2.07;2.63;2.40;2.56;2.58;2.92;3.01;2.60;4.33;2.99
41;Switzerland;2017;3.09;2.90;3.43;3.34;2.21;3.86;3.43;3.29;2.83;2.86;4.38;3.23
886;Taiwan;2017;2.78;2.48;2.95;3.01;2.40;2.92;2.67;2.77;3.69;2.78;4.22;3.37
66;Thailand;2017;3.00;2.75;2.53;2.29;2.03;2.67;2.31;2.75;4.08;2.55;3.90;3.16
971;United Arab Emirates;2017;2.96;3.74;3.56;3.23;3.03;3.32;2.92;3.45;3.31;3.20;4.40;4.06
44;United Kingdom;2017;2.74;2.61;2.74;2.65;1.90;2.69;2.61;3.06;2.68;2.67;3.60;3.28
1;United States;2017;2.97;3.02;2.50;2.61;2.01;2.86;2.29;2.99;2.24;2.31;3.81;4.03
598;Uruguay;2017;2.15;2.31;2.76;3.18;1.37;3.40;2.58;3.03;1.78;2.28;3.88;1.95
84;Vietnam;2017;2.27;1.90;2.40;2.09;1.83;2.61;2.19;2.82;4.15;2.79;4.19;3.62
54;Argentina;2016;1.74;3.30;1.34;2.91;1.77;3.12;2.38;2.67;3.26;2.14;3.17;3.08
61;Australia;2016;2.75;2.74;2.66;2.57;2.05;2.23;2.26;3.05;2.89;3.02;4.00;2.71
43;Austria;2016;2.81;2.56;2.23;3.75;1.38;2.90;2.77;3.49;2.60;3.23;4.53;2.27
501;Belize;2016;1.70;2.47;2.06;2.41;2.13;2.33;1.43;2.48;2.50;2.47;3.50;2.49
55;Brazil;2016;2.65;2.11;1.49;2.06;1.42;2.42;1.84;2.70;3.42;2.23;2.80;2.34
359;Bulgaria;2016;2.64;1.67;2.87;1.92;1.64;2.30;1.94;3.04;2.91;2.27;4.08;2.18
226;Burkina Faso;2016;1.80;3.05;3.21;2.85;1.46;2.93;1.66;2.60;2.72;2.11;2.95;3.00
237;Cameroon;2016;2.43;2.75;2.44;2.78;1.98;3.21;2.33;3.05;2.84;2.53;3.19;3.08
101;Canada;2016;2.68;2.82;2.70;2.88;2.04;2.82;2.60;3.39;3.03;2.41;3.96;3.18
56;Chile;2016;2.14;2.60;2.86;3.05;1.48;2.94;2.41;3.00;2.25;2.40;4.41;3.03
86;China;2016;3.32;3.14;2.89;2.66;2.04;3.17;2.49;2.58;4.24;2.66;4.33;3.47
57;Colombia;2016;2.22;2.56;2.23;2.77;1.78;3.26;2.15;2.54;2.78;2.34;3.60;3.43
385;Croatia;2016;2.30;1.73;1.48;2.14;1.61;2.33;1.70;2.56;3.29;1.95;3.77;1.82
357;Cyprus;2016;2.02;2.29;2.46;2.01;1.75;2.79;2.18;3.06;2.74;2.60;3.66;2.40
593;Ecuador;2016;1.75;2.04;1.74;2.02;1.88;3.27;2.00;2.77;2.75;2.52;4.02;3.19
20;Egypt;2016;2.34;2.17;1.96;2.02;1.20;1.82;1.68;2.31;3.05;2.39;3.91;2.42
503;El Salvador;2016;1.75;1.82;2.06;2.10;1.41;2.88;2.01;2.85;2.50;2.77;4.28;2.84
372;Estonia;2016;2.93;3.01;3.77;3.18;2.76;3.29;2.85;3.42;2.93;3.40;4.68;3.78
358;Finland;2016;3.13;3.26;3.18;2.86;2.36;3.00;2.77;3.35;2.82;3.04;4.58;2.73
33;France;2016;2.67;3.57;3.25;3.32;1.70;3.24;3.01;3.14;2.82;2.47;4.38;2.25
995;Georgia;2016;2.43;3.32;3.87;3.22;2.19;2.95;2.07;2.83;3.21;3.01;4.19;3.37
49;Germany;2016;2.94;2.37;2.48;3.43;1.70;2.59;2.49;3.34;3.13;3.08;3.76;2.59
30;Greece;2016;2.15;1.78;1.49;1.77;1.84;2.62;2.49;2.79;3.38;2.49;3.77;2.25
502;Guatemala;2016;1.73;1.84;2.18;1.86;1.82;3.28;2.05;3.02;2.36;2.22;3.73;3.06
852;Hong Kong;2016;2.92;3.24;4.18;3.15;1.82;2.81;2.45;3.14;2.99;2.78;4.80;2.87
36;Hungary;2016;2.70;1.86;1.78;2.07;1.46;2.59;2.28;2.93;3.11;2.50;4.03;2.06
91;India;2016;3.43;3.34;2.61;2.82;2.40;3.01;2.87;3.11;3.76;2.98;3.89;3.11
62;Indonesia;2016;2.77;2.77;2.27;2.46;2.48;3.45;2.49;2.40;3.99;2.35;3.14;3.24
98;Iran;2016;1.75;2.00;1.62;1.36;1.46;1.83;1.81;1.85;3.00;1.63;3.79;2.10
353;Ireland;2016;2.85;2.78;2.83;3.37;2.18;2.70;2.78;3.06;2.47;2.90;3.31;3.02
972;Israel;2016;2.73;2.10;1.97;2.37;1.92;2.91;2.63;3.13;2.42;2.12;3.69;4.29
39;Italy;2016;2.57;2.06;1.78;1.94;1.85;2.91;2.43;2.60;2.69;2.47;3.07;2.38
876;Jamaica;2016;2.68;2.36;1.82;2.43;2.05;3.00;1.74;2.82;2.72;2.16;3.58;3.63
962;Jordan;2016;2.44;2.13;2.10;2.22;1.47;1.85;2.28;2.86;3.11;2.27;3.80;2.52
701;Kazakhstan;2016;2.90;3.11;2.66;2.81;1.94;2.59;1.95;3.15;2.80;2.46;3.57;3.05
371;Latvia;2016;2.76;2.37;1.97;2.46;2.29;2.89;2.20;3.68;2.81;2.49;4.22;2.75
961;Lebanon;2016;3.05;2.08;2.34;2.35;2.61;3.11;2.41;3.20;2.65;2.28;2.24;3.67
352;Luxembourg;2016;2.31;3.00;2.86;3.48;1.96;3.12;3.07;3.48;2.33;3.13;4.08;2.44
389;North Macedonia;2016;2.21;2.10;2.68;2.37;2.32;2.66;2.11;3.10;3.37;2.14;3.68;2.26
60;Malaysia;2016;3.20;2.98;2.57;2.99;2.44;3.11;2.77;3.11;3.89;2.78;3.89;3.19
52;Mexico;2016;2.44;2.57;2.35;2.94;1.97;3.20;2.50;2.83;2.80;2.51;3.88;3.12
212;Morocco;2016;2.18;2.55;2.52;2.22;1.33;2.41;1.71;2.84;2.74;2.06;3.98;2.47
31;Netherlands;2016;3.29;3.19;3.38;3.40;3.28;3.57;3.18;3.49;3.46;3.67;4.69;3.77
507;Panama;2016;1.89;2.09;2.98;2.39;1.30;2.56;2.10;2.53;2.37;2.49;4.21;3.11
51;Peru;2016;2.31;2.11;1.93;2.43;1.93;2.93;1.96;2.22;2.59;2.40;3.50;2.98
48;Poland;2016;2.85;2.60;1.98;2.43;1.64;2.05;2.21;2.73;3.75;2.69;4.19;2.37
351;Portugal;2016;2.95;2.85;1.77;3.07;2.10;3.10;2.76;3.27;2.17;2.45;4.41;2.47
787;Puerto Rico;2016;2.17;2.30;1.77;2.20;1.79;2.85;2.11;2.81;2.60;1.96;3.07;2.54
974;Qatar;2016;2.67;3.25;2.84;3.23;2.70;3.46;2.62;3.08;2.65;2.36;3.87;3.23
7;Russia;2016;1.96;2.05;1.91;1.85;1.89;2.86;1.68;2.94;3.48;2.00;3.35;2.02
966;Saudi Arabia;2016;2.39;2.41;2.48;2.12;1.44;2.26;1.85;2.37;2.90;2.38;3.99;2.72
221;Senegal;2016;1.97;2.77;3.35;2.95;1.14;2.10;1.49;3.67;1.83;2.47;4.59;1.90
421;Slovakia;2016;2.91;1.77;1.92;2.06;2.06;2.77;1.96;2.90;2.63;2.45;4.04;2.21
386;Slovenia;2016;2.39;2.45;1.89;2.59;1.71;2.61;2.30;3.05;3.17;2.49;4.15;1.98
27;South Africa;2016;2.55;2.86;1.78;1.89;1.83;2.37;1.98;3.03;3.11;2.08;3.45;2.46
82;South Korea;2016;2.45;3.56;2.79;3.21;1.99;2.42;2.54;2.60;4.24;2.30;3.97;2.97
34;Spain;2016;2.37;1.90;2.00;3.09;1.74;2.15;2.69;3.25;2.73;2.83;3.48;2.71
46;Sweden;2016;2.71;2.31;2.38;2.87;2.50;2.54;2.56;2.99;3.49;2.68;4.07;3.04
41;Switzerland;2016;3.12;3.17;3.19;3.51;2.45;3.48;3.42;3.49;2.88;3.21;4.60;3.40
886;Taiwan;2016;2.84;2.63;2.70;3.01;2.40;2.64;2.79;2.78;3.68;2.95;3.81;3.11
66;Thailand;2016;2.83;2.47;2.34;2.19;1.90;2.90;2.38;2.97;3.63;2.54;3.94;3.09
90;Turkey;2016;2.80;2.68;1.82;2.26;1.68;2.90;2.63;3.22;3.70;2.43;3.49;2.89
971;United Arab Emirates;2016;2.66;3.51;3.30;3.34;2.68;2.84;2.55;3.29;3.44;3.00;4.25;3.69
44;United Kingdom;2016;2.67;2.22;2.78;2.39;1.77;2.50;2.27;2.87;2.45;3.05;3.61;2.80
1;United States;2016;3.11;2.46;2.50;2.75;1.96;2.75;2.46;3.30;3.03;2.85;4.11;4.07
598;Uruguay;2016;2.00;1.91;2.23;3.00;1.28;3.13;2.22;2.86;2.13;2.32;3.90;2.05
54;Argentina;2015;1.90;1.84;1.35;2.19;1.87;2.84;2.29;2.81;3.33;2.27;3.48;2.94
61;Australia;2015;2.38;2.24;2.52;2.53;2.23;2.53;2.21;3.06;2.90;2.81;3.84;2.86
246;Barbados;2015;1.83;2.33;1.57;2.13;1.68;2.76;1.69;2.83;2.67;2.12;3.67;2.55
32;Belgium;2015;3.17;3.96;1.95;2.86;1.95;3.24;2.74;3.76;2.91;3.09;3.88;2.50
267;Botswana;2015;2.43;2.46;2.45;2.45;2.52;3.00;2.34;2.50;2.99;2.08;2.97;2.80
55;Brazil;2015;2.36;2.20;1.53;2.07;1.42;2.33;1.79;2.52;3.04;2.09;2.88;2.38
359;Bulgaria;2015;2.67;1.78;2.88;2.07;1.53;2.49;2.20;3.13;2.13;2.36;3.95;2.11
226;Burkina Faso;2015;2.20;2.34;2.83;2.46;1.30;2.73;1.84;2.94;2.61;2.30;2.85;2.81
237;Cameroon;2015;2.18;2.76;2.35;2.67;1.92;2.77;2.23;3.07;2.49;2.42;3.01;2.82
101;Canada;2015;3.14;2.82;3.16;3.00;2.51;3.19;2.58;3.79;2.26;2.97;4.14;3.52
56;Chile;2015;2.16;2.83;3.21;3.29;1.52;2.96;2.09;2.81;2.04;2.33;4.39;3.10
86;China;2015;2.93;3.55;2.68;2.63;1.64;3.05;2.47;2.63;4.35;2.54;4.16;2.98
57;Colombia;2015;1.92;2.31;2.10;2.62;1.77;3.21;2.06;2.49;2.42;2.50;3.63;3.12
385;Croatia;2015;2.04;1.82;1.35;1.97;1.32;2.14;1.77;2.60;3.64;1.84;3.82;1.62
593;Ecuador;2015;2.09;2.83;2.04;2.64;2.34;3.75;2.24;2.95;2.30;2.53;4.44;3.47
20;Egypt;2015;2.14;2.02;1.90;2.03;1.16;1.83;1.78;2.53;3.06;2.29;3.81;2.29
372;Estonia;2015;2.94;2.33;2.98;2.93;2.56;2.91;2.72;3.11;3.20;3.06;4.39;3.45
358;Finland;2015;2.59;3.20;2.93;2.76;2.28;2.55;2.38;3.42;3.28;2.80;4.45;2.69
49;Germany;2015;2.59;2.54;2.34;3.37;1.65;2.49;2.38;3.53;2.69;3.05;3.81;2.53
30;Greece;2015;1.84;1.85;1.55;1.75;1.68;2.78;2.32;2.71;3.02;1.89;3.67;2.14
502;Guatemala;2015;1.75;1.69;2.02;1.98;1.34;2.76;1.70;2.49;1.94;2.00;3.60;2.62
36;Hungary;2015;2.40;1.66;1.57;2.01;1.55;2.62;2.17;2.65;3.27;2.37;3.65;2.04
91;India;2015;3.43;3.31;2.42;2.72;2.47;3.07;2.58;2.97;3.38;2.86;3.65;3.27
62;Indonesia;2015;2.91;3.04;2.70;2.86;2.67;3.55;2.92;2.85;3.76;2.70;3.19;3.43
98;Iran;2015;2.00;2.27;1.99;1.35;1.68;1.98;1.78;1.75;3.56;1.82;3.93;2.19
353;Ireland;2015;3.22;3.01;2.89;3.56;2.20;2.98;2.82;3.66;2.31;3.11;4.06;3.28
972;Israel;2015;3.07;2.21;1.68;2.40;1.83;2.59;2.70;3.33;2.40;2.14;3.82;4.40
39;Italy;2015;2.40;1.93;1.52;2.02;1.77;2.54;2.38;2.57;2.60;2.46;3.04;2.16
81;Japan;2015;2.54;3.05;2.30;2.47;1.48;2.58;2.70;2.12;3.79;2.56;4.08;2.35
701;Kazakhstan;2015;2.22;3.17;2.73;2.65;2.23;2.60;1.98;2.90;3.53;2.51;3.46;2.97
371;Latvia;2015;2.72;2.24;2.33;2.78;2.38;3.23;2.13;3.64;2.89;2.75;3.94;2.87
961;Lebanon;2015;3.14;2.03;2.49;2.51;2.58;2.98;2.50;3.39;2.57;2.54;2.69;3.77
352;Luxembourg;2015;2.44;3.15;3.28;3.59;2.15;3.24;3.23;3.60;2.37;3.28;4.06;2.48
389;North Macedonia;2015;2.39;2.46;2.79;2.71;2.19;2.92;2.44;3.10;3.44;2.24;3.83;2.50
60;Malaysia;2015;3.44;3.13;3.10;3.41;2.49;3.16;2.94;3.43;3.64;2.82;4.24;3.50
52;Mexico;2015;2.47;2.83;2.29;3.02;1.61;3.33;2.46;2.83;3.25;2.18;3.76;3.03
212;Morocco;2015;2.56;2.22;2.22;2.33;1.21;2.01;1.91;3.04;2.88;2.25;4.14;2.23
31;Netherlands;2015;3.43;3.23;3.47;3.50;2.96;3.39;3.13;3.53;2.95;3.65;4.41;3.48
47;Norway;2015;2.53;2.27;2.60;2.63;2.41;2.52;2.55;3.27;3.14;2.54;4.05;2.83
507;Panama;2015;2.04;1.74;3.32;2.28;1.32;2.25;2.05;2.68;2.54;2.62;4.22;3.12
51;Peru;2015;1.89;1.94;1.93;2.23;1.79;3.01;1.90;2.20;2.32;2.29;3.40;2.94
63;Philippines;2015;3.09;2.39;1.86;2.22;3.02;3.83;2.45;3.10;3.67;2.50;3.28;3.42
48;Poland;2015;2.86;2.76;2.11;2.79;1.53;2.32;2.15;2.70;3.80;2.73;4.07;2.64
351;Portugal;2015;2.73;2.91;3.52;2.78;3.43;2.79;3.18;2.72;3.40;3.04;2.10;3.18
787;Puerto Rico;2015;2.04;2.53;1.51;2.07;1.37;2.54;1.80;2.83;2.63;2.24;3.34;2.31
40;Romania;2015;1.97;2.09;2.06;2.18;2.35;2.73;2.16;3.64;2.50;2.38;2.90;2.41
221;Senegal;2015;2.23;2.53;2.97;2.54;1.32;2.44;1.55;3.18;2.10;2.40;3.81;2.37
421;Slovakia;2015;2.56;2.27;2.08;2.25;1.98;2.45;1.94;3.28;2.44;2.59;4.13;2.01
386;Slovenia;2015;2.55;2.45;1.93;2.75;1.72;2.38;2.29;2.82;3.13;2.31;3.83;2.08
27;South Africa;2015;2.47;2.53;2.01;1.86;1.90;2.56;2.10;2.91;2.65;2.43;3.52;2.08
82;South Korea;2015;2.32;3.48;2.74;2.97;1.71;2.38;2.13;2.37;4.31;1.96;4.13;2.93
34;Spain;2015;2.40;2.45;2.32;2.89;2.09;2.58;2.36;2.68;2.68;2.58;3.06;2.63
46;Sweden;2015;2.81;2.43;2.38;2.78;2.34;2.36;2.45;3.06;3.49;2.69;4.38;3.03
41;Switzerland;2015;3.14;3.44;3.49;3.59;2.96;3.71;3.73;3.72;2.70;3.38;4.63;3.52
886;Taiwan;2015;2.85;2.70;2.74;2.51;1.89;2.61;2.47;2.67;3.53;2.54;4.31;2.87
66;Thailand;2015;2.52;2.48;2.48;2.30;2.18;2.68;2.41;2.93;3.81;2.48;3.83;3.35
216;Tunisia;2015;2.58;2.38;1.67;2.18;1.15;2.01;1.69;3.49;4.17;1.72;4.03;2.42
90;Turkey;2015;2.29;2.64;2.14;2.48;1.46;3.06;2.53;3.07;3.35;2.37;3.78;3.12
44;United Kingdom;2015;3.25;2.80;2.54;2.71;2.41;3.11;2.53;3.04;3.06;2.82;3.59;3.26
1;United States;2015;3.22;2.62;2.81;2.47;2.15;2.70;2.54;3.22;3.39;2.65;4.18;4.02
598;Uruguay;2015;2.28;2.09;2.30;3.06;1.36;2.81;2.50;3.05;1.99;2.50;3.68;2.13
84;Vietnam;2015;2.12;2.62;2.78;2.14;1.57;2.53;2.33;2.77;3.59;2.51;4.07;3.23
244;Angola;2014;2.63;2.58;2.16;2.40;1.91;2.22;1.77;2.73;2.98;2.17;2.36;2.88
54;Argentina;2014;2.03;2.08;1.49;2.70;1.82;3.11;2.49;2.85;3.24;2.53;3.31;3.01
61;Australia;2014;2.34;1.83;2.44;2.23;2.19;2.85;2.18;3.42;3.03;2.79;3.91;3.19
43;Austria;2014;2.51;2.46;2.60;3.58;1.66;3.02;2.82;3.40;2.49;3.33;4.12;2.46
246;Barbados;2014;2.42;2.42;1.87;2.30;1.71;2.96;1.78;2.72;2.06;2.42;3.75;2.61
32;Belgium;2014;3.38;2.62;1.98;2.71;1.95;2.75;2.99;3.74;2.50;3.19;3.79;2.15
501;Belize;2014;2.14;2.55;2.20;2.45;2.05;2.53;1.77;2.68;2.31;2.54;3.41;2.65
591;Bolivia;2014;2.25;2.15;1.97;2.34;2.13;3.11;2.33;2.81;2.98;2.65;3.30;2.79
387;Bosnia and Herzegovina;2014;2.29;2.13;1.74;2.07;2.06;2.43;1.96;2.92;3.35;2.16;3.35;2.15
267;Botswana;2014;2.71;2.61;2.62;2.71;2.74;3.09;2.45;2.56;2.88;2.04;3.00;2.91
55;Brazil;2014;2.46;2.40;1.46;2.24;1.48;2.54;2.00;2.50;3.36;2.24;2.93;2.36
226;Burkina Faso;2014;2.09;2.88;3.09;3.04;1.26;2.78;1.77;2.80;2.24;2.37;3.04;3.08
237;Cameroon;2014;2.16;3.18;2.80;2.86;2.19;3.23;2.05;2.86;2.40;2.77;3.30;3.16
101;Canada;2014;3.10;2.50;2.85;2.86;2.32;3.14;2.57;3.49;2.31;2.95;4.28;3.28
56;Chile;2014;2.35;2.77;2.91;3.06;1.63;2.98;2.20;2.80;2.18;2.57;4.33;3.09
86;China;2014;2.59;3.07;2.76;2.54;1.77;2.81;2.48;2.69;3.81;2.64;4.19;2.89
57;Colombia;2014;2.37;2.75;2.41;2.95;2.14;2.97;2.17;2.79;2.70;2.55;3.38;2.97
506;Costa Rica;2014;1.90;2.39;2.02;2.80;1.93;3.07;2.12;2.63;2.42;2.58;3.39;2.90
385;Croatia;2014;2.32;2.15;1.55;2.27;1.68;2.35;2.04;2.90;3.37;2.08;3.67;2.02
45;Denmark;2014;2.73;3.33;3.31;3.43;3.10;3.43;2.77;3.56;2.43;3.44;4.49;2.82
593;Ecuador;2014;2.19;2.98;2.19;2.66;2.36;3.18;2.35;2.76;2.46;2.72;4.05;2.99
503;El Salvador;2014;1.88;2.26;1.92;2.50;1.64;2.76;1.88;2.65;2.68;2.46;3.89;2.79
372;Estonia;2014;2.86;2.43;3.58;3.39;2.63;2.99;2.92;3.21;3.39;3.12;4.39;3.39
358;Finland;2014;2.82;3.17;2.95;2.77;2.28;2.70;2.61;3.20;3.23;2.72;4.25;2.76
33;France;2014;2.77;2.99;2.96;3.17;1.75;2.92;2.73;3.06;3.02;2.34;4.04;2.14
995;Georgia;2014;2.15;2.94;3.95;2.37;2.35;2.91;1.83;3.10;2.61;2.92;4.02;3.19
49;Germany;2014;2.84;2.93;2.87;3.46;2.13;2.81;2.75;3.34;2.84;2.81;3.82;2.65
30;Greece;2014;2.11;2.07;1.74;1.95;1.50;2.31;2.26;3.05;3.42;2.12;3.53;2.47
502;Guatemala;2014;2.04;1.91;2.10;1.87;1.73;3.06;2.09;2.89;2.41;2.53;3.83;2.44
36;Hungary;2014;2.63;2.43;1.93;2.41;1.68;2.82;2.41;3.29;3.13;2.62;3.94;2.32
91;India;2014;3.11;3.00;2.43;2.94;2.33;3.09;2.86;3.40;3.45;2.87;3.96;3.43
62;Indonesia;2014;3.03;2.91;2.48;2.57;2.60;3.31;2.63;2.96;3.56;2.89;3.46;3.31
98;Iran;2014;1.89;1.75;1.57;1.60;1.75;2.22;2.08;2.15;3.18;1.69;3.98;2.25
353;Ireland;2014;2.87;3.24;2.64;3.26;2.09;2.95;2.82;3.29;2.59;3.13;3.71;2.95
39;Italy;2014;2.55;2.40;1.50;2.08;1.68;2.33;2.18;2.83;3.50;2.61;2.92;2.22
876;Jamaica;2014;2.24;2.20;1.99;2.34;2.07;3.03;1.97;2.86;2.90;2.22;3.43;2.96
81;Japan;2014;3.01;3.12;2.56;2.80;1.64;2.82;3.15;2.44;3.92;2.85;4.47;2.58
701;Kazakhstan;2014;2.21;3.49;2.65;2.92;2.41;2.73;2.13;3.11;3.06;2.30;3.58;3.40
383;Kosovo;2014;2.08;2.17;3.07;2.21;1.86;2.87;1.96;3.31;3.07;2.61;4.06;3.15
965;Kuwait;2014;2.67;1.90;2.45;1.93;1.52;2.57;2.09;3.06;3.89;2.05;3.50;2.68
371;Latvia;2014;2.55;2.60;2.50;2.75;2.51;3.17;2.33;3.74;2.27;2.78;4.00;2.85
370;Lithuania;2014;3.19;2.39;2.46;2.72;2.37;3.07;2.61;3.90;3.38;2.66;4.19;3.09
352;Luxembourg;2014;2.76;3.41;3.22;3.47;2.13;2.90;2.98;3.50;2.76;3.05;4.04;2.56
60;Malaysia;2014;3.34;3.35;2.86;3.28;2.45;3.12;2.68;3.31;3.55;2.83;4.08;3.54
52;Mexico;2014;2.20;2.27;1.87;2.69;2.00;3.12;2.44;2.64;2.81;2.21;3.29;2.99
31;Netherlands;2014;2.81;2.59;3.13;3.15;2.85;3.17;2.88;3.68;2.85;3.40;4.82;3.58
47;Norway;2014;2.58;2.49;3.18;3.18;2.48;2.56;2.78;3.42;2.59;2.64;4.43;2.86
507;Panama;2014;1.99;2.11;2.95;2.52;1.67;2.78;2.35;2.68;2.36;2.53;4.01;2.75
51;Peru;2014;2.20;2.21;2.14;2.13;1.98;2.87;1.87;2.81;2.43;2.70;3.52;3.09
63;Philippines;2014;2.57;2.42;2.11;2.43;2.89;3.28;2.07;2.92;3.09;2.53;3.12;3.05
48;Poland;2014;2.77;3.07;2.16;2.77;1.75;2.54;2.44;2.77;4.04;2.75;3.79;2.96
351;Portugal;2014;2.73;2.57;2.01;3.00;2.04;3.04;2.76;3.34;2.40;2.75;4.43;2.55
787;Puerto Rico;2014;1.96;2.42;1.78;2.56;1.66;3.07;2.28;2.84;2.61;2.30;3.25;2.76
974;Qatar;2014;2.72;3.15;2.95;2.90;2.72;3.33;2.41;2.95;3.25;2.08;3.44;2.89
40;Romania;2014;2.43;2.53;2.24;2.51;2.34;2.68;2.59;3.09;3.14;2.86;2.89;2.61
7;Russia;2014;2.27;2.36;2.27;2.40;2.31;3.10;2.37;3.25;3.14;2.55;3.47;2.74
65;Singapore;2014;3.56;3.48;3.98;3.68;3.02;3.34;3.17;3.23;3.42;3.04;4.45;3.16
421;Slovakia;2014;2.73;2.28;2.16;2.26;2.21;2.98;2.13;3.07;2.63;2.84;3.94;2.40
386;Slovenia;2014;2.33;2.13;1.92;2.43;1.77;2.34;2.29;2.71;3.04;2.56;3.56;2.06
27;South Africa;2014;3.02;3.02;2.13;2.33;1.83;2.61;2.19;2.64;2.94;2.27;3.06;2.52
34;Spain;2014;2.14;2.50;2.40;2.88;1.84;2.61;2.45;3.03;2.87;2.47;3.64;2.64
597;Suriname;2014;2.30;2.69;2.36;2.42;2.11;3.53;2.01;3.15;3.00;2.98;3.01;2.96
46;Sweden;2014;2.63;2.74;2.53;3.00;2.55;2.75;2.65;3.28;3.13;2.80;4.25;3.07
41;Switzerland;2014;3.23;3.08;3.70;3.48;2.56;3.42;3.57;3.51;2.34;2.97;4.45;3.40
886;Taiwan;2014;2.98;2.71;2.91;2.73;2.19;2.77;2.68;2.65;3.86;2.78;3.90;3.26
66;Thailand;2014;2.51;2.52;2.61;2.11;1.94;2.79;2.13;3.22;3.60;2.37;3.72;2.85
868;Trinidad and Tobago;2014;2.66;1.81;2.38;2.34;1.83;2.51;1.95;2.94;2.29;2.34;3.76;2.85
90;Turkey;2014;2.41;2.69;1.99;2.32;2.04;2.88;2.59;2.85;3.56;2.35;3.66;3.07
256;Uganda;2014;2.32;2.74;2.20;2.54;2.42;3.11;2.21;3.09;3.53;2.84;3.34;3.39
44;United Kingdom;2014;2.77;2.90;2.33;2.62;2.44;3.02;2.20;2.95;3.28;2.73;3.54;2.83
1;United States;2014;2.99;2.69;2.33;2.61;2.21;2.87;2.64;3.12;3.30;2.67;3.98;3.75
598;Uruguay;2014;2.21;2.22;2.78;2.89;1.41;3.43;2.49;3.02;2.09;2.40;3.79;2.11
84;Vietnam;2014;2.37;2.93;2.46;2.35;1.83;2.64;2.30;2.93;3.71;2.43;3.75;3.13
213;Algeria;2013;3.42;3.19;2.56;2.75;2.45;3.16;2.88;2.86;4.00;2.97;3.47;3.19
244;Angola;2013;2.59;2.92;2.24;2.23;1.64;2.12;1.85;2.50;3.07;1.98;2.28;2.81
54;Argentina;2013;2.15;1.98;1.54;2.76;2.16;3.30;2.66;3.05;3.18;2.58;3.45;3.24
246;Barbados;2013;1.95;2.82;1.99;2.32;2.04;2.67;1.64;2.99;2.53;2.35;3.41;2.46
32;Belgium;2013;2.62;2.58;2.18;3.26;1.99;3.09;2.59;3.28;2.81;2.69;3.75;2.18
387;Bosnia and Herzegovina;2013;2.16;1.98;1.80;2.04;2.04;2.56;1.89;2.71;3.38;2.04;3.32;2.16
267;Botswana;2013;2.74;2.64;2.65;2.59;2.27;3.05;2.14;2.67;3.12;2.83;3.27;2.80
55;Brazil;2013;2.34;2.50;1.68;2.28;1.55;2.41;2.00;2.35;3.02;2.13;3.04;2.74
101;Canada;2013;2.56;2.87;2.35;2.76;2.20;2.67;2.51;3.14;2.99;2.57;3.90;3.18
56;Chile;2013;2.47;3.44;3.23;3.06;1.73;2.71;2.23;2.67;2.40;2.28;4.17;2.83
86;China;2013;2.48;2.66;2.59;2.62;1.62;2.72;2.50;2.63;3.88;2.59;4.00;3.00
57;Colombia;2013;2.26;2.83;2.59;2.99;2.26;3.19;2.37;2.83;2.89;2.77;3.32;3.09
385;Croatia;2013;2.29;2.19;1.83;2.48;1.86;2.63;2.08;2.70;3.63;2.11;3.50;2.02
420;Czech Republic;2013;2.47;2.04;2.02;2.29;1.58;2.40;2.24;3.10;2.61;2.62;4.01;2.04
593;Ecuador;2013;2.23;2.87;2.10;2.48;2.04;3.23;2.10;2.88;2.25;2.38;4.16;3.07
372;Estonia;2013;2.69;2.52;3.13;3.27;2.25;3.04;2.89;3.04;3.61;2.54;4.28;3.46
358;Finland;2013;2.77;3.27;3.09;2.89;2.66;2.94;2.99;3.45;2.83;2.88;4.25;2.91
33;France;2013;2.85;3.28;2.99;3.17;1.73;2.69;2.48;3.02;3.24;2.39;4.22;2.21
49;Germany;2013;2.84;2.58;2.59;3.43;1.94;2.59;2.80;3.32;3.18;2.77;3.71;2.78
233;Ghana;2013;2.59;2.71;2.20;2.29;2.08;2.91;2.07;3.00;3.08;2.99;2.99;3.09
30;Greece;2013;1.99;2.06;1.84;2.03;1.69;2.56;2.16;3.17;3.18;2.19;3.62;2.25
502;Guatemala;2013;2.19;2.16;2.11;2.43;1.80;3.18;2.18;3.38;2.36;2.36;3.84;2.63
36;Hungary;2013;2.77;2.29;1.92;2.35;1.91;2.80;2.54;3.35;3.10;2.70;3.90;2.58
91;India;2013;2.82;1.89;1.84;2.05;1.50;2.42;1.94;2.95;3.51;2.49;3.68;2.69
62;Indonesia;2013;3.06;2.69;2.22;2.53;2.54;3.30;2.31;3.25;3.92;2.82;3.45;3.29
98;Iran;2013;2.03;1.85;1.63;1.54;1.49;2.13;1.93;2.11;3.15;1.76;4.05;2.21
353;Ireland;2013;2.59;2.92;2.77;3.19;2.01;2.78;2.89;3.40;2.66;2.88;3.85;2.97
972;Israel;2013;2.83;2.00;1.73;2.25;2.03;3.04;2.35;3.27;2.67;2.16;4.06;3.81
39;Italy;2013;2.46;2.03;1.54;2.06;1.71;2.60;2.46;3.10;3.50;2.46;3.34;2.14
876;Jamaica;2013;2.93;2.56;2.21;2.28;2.21;3.50;2.32;3.24;3.81;2.67;3.83;3.54
371;Latvia;2013;2.87;2.94;2.96;3.00;2.73;3.30;2.37;3.38;2.60;3.03;4.07;3.13
218;Libya;2013;2.14;2.01;2.63;1.75;1.41;2.30;1.83;2.91;3.20;2.84;2.98;2.51
370;Lithuania;2013;2.78;2.39;1.99;2.62;2.39;2.77;2.37;3.46;3.96;2.55;4.19;3.00
352;Luxembourg;2013;2.58;3.40;3.39;3.61;2.21;2.93;2.78;3.27;2.99;2.94;3.92;2.38
389;North Macedonia;2013;2.33;2.65;2.86;2.54;2.27;3.05;2.37;3.02;3.00;2.36;3.54;2.83
265;Malawi;2013;1.93;2.30;1.89;2.05;2.18;2.89;1.90;2.78;3.44;2.66;2.81;2.43
60;Malaysia;2013;3.42;3.05;2.54;3.00;2.33;3.03;2.94;3.17;3.39;2.74;4.15;3.13
52;Mexico;2013;2.38;3.03;2.24;3.06;1.96;3.25;2.60;2.72;2.51;2.39;3.86;3.08
264;Namibia;2013;2.60;2.95;2.12;2.39;2.77;3.10;2.01;2.77;3.02;2.57;3.49;3.20
31;Netherlands;2013;2.76;2.96;3.22;3.03;3.05;3.34;2.83;3.85;2.91;3.34;4.59;3.13
234;Nigeria;2013;2.05;1.97;1.83;2.24;2.13;2.79;1.73;2.59;3.28;2.34;2.98;3.32
47;Norway;2013;2.79;2.39;2.76;2.95;2.60;2.62;2.86;3.61;2.88;2.62;4.14;2.76
507;Panama;2013;2.36;2.70;2.83;3.08;1.59;2.79;2.29;2.76;2.77;2.41;3.82;3.03
51;Peru;2013;2.25;2.04;2.11;2.22;2.05;2.84;1.92;2.73;2.59;2.58;3.45;2.90
63;Philippines;2013;3.23;3.00;2.29;3.13;3.06;3.40;2.50;3.37;3.82;2.86;3.69;3.55
48;Poland;2013;2.71;2.60;2.07;2.65;1.84;2.38;2.15;2.97;3.83;2.84;3.64;2.83
351;Portugal;2013;2.91;2.60;1.79;2.87;2.17;2.95;2.73;3.38;2.36;2.45;4.44;2.57
787;Puerto Rico;2013;1.90;2.34;1.54;2.51;1.60;3.00;2.10;2.92;3.02;2.21;3.38;2.47
40;Romania;2013;2.31;2.36;2.00;2.38;2.32;2.93;2.59;3.04;3.29;2.72;2.93;2.31
7;Russia;2013;2.01;1.90;1.87;1.83;2.19;2.71;2.06;3.05;3.21;2.10;3.13;2.50
65;Singapore;2013;3.53;3.65;4.14;3.67;2.79;3.24;3.22;3.53;3.47;3.39;4.51;3.21
421;Slovakia;2013;2.16;1.90;1.94;2.16;1.93;2.77;1.94;2.79;3.04;2.52;3.86;1.89
386;Slovenia;2013;2.19;1.91;2.05;2.53;2.06;2.81;2.39;2.82;3.10;2.36;3.89;2.23
27;South Africa;2013;3.33;2.95;2.11;2.21;1.77;2.32;2.09;2.69;2.75;3.13;2.76;2.99
82;South Korea;2013;2.29;3.44;2.67;2.99;2.06;2.45;2.51;2.34;4.09;2.32;4.01;3.09
34;Spain;2013;1.79;2.34;2.01;3.05;1.37;2.25;2.19;2.53;2.14;2.28;3.91;2.11
597;Suriname;2013;2.43;2.42;2.21;1.98;2.13;3.27;1.82;2.79;2.68;2.22;3.31;2.79
46;Sweden;2013;2.32;2.73;2.51;2.72;2.33;2.35;2.39;2.97;3.41;2.62;4.23;3.16
41;Switzerland;2013;3.01;3.44;3.69;3.47;2.36;3.36;3.48;3.55;2.74;3.25;4.69;3.31
886;Taiwan;2013;3.68;2.70;2.75;2.32;2.00;2.67;2.49;3.42;3.00;2.80;3.00;3.61
66;Thailand;2013;3.00;2.46;2.38;2.43;2.28;3.12;2.55;3.35;3.71;2.79;4.08;3.04
868;Trinidad and Tobago;2013;3.10;2.16;2.23;2.40;2.12;3.01;1.96;3.12;2.77;2.02;3.84;3.02
90;Turkey;2013;2.66;2.95;2.69;2.71;2.29;2.93;2.47;3.05;3.19;2.74;3.77;3.21
256;Uganda;2013;2.47;2.34;1.99;2.44;2.24;3.09;2.11;3.29;3.85;2.75;3.37;3.09
44;United Kingdom;2013;2.71;2.95;2.64;2.65;2.17;2.58;2.53;3.10;2.84;2.72;3.91;3.09
1;United States;2013;2.62;2.78;2.22;2.63;2.19;3.08;2.44;3.21;3.24;2.91;4.21;3.92
598;Uruguay;2013;2.20;2.30;2.83;3.16;1.73;3.47;2.96;3.10;1.97;2.77;3.82;2.40
84;Vietnam;2013;2.40;2.89;2.77;2.50;1.97;2.64;2.54;2.89;3.50;2.66;3.58;3.10
260;Zambia;2013;1.91;2.12;2.34;2.15;2.05;2.46;1.68;2.56;3.08;2.72;2.90;2.64
213;Algeria;2012;3.24;3.29;2.80;3.07;2.19;3.32;2.81;2.83;3.75;3.04;3.33;3.17
244;Angola;2012;2.74;2.74;2.19;2.16;1.93;2.24;1.71;2.65;2.94;2.15;2.28;2.94
54;Argentina;2012;2.12;2.30;1.49;2.90;1.85;3.11;2.58;2.97;3.29;2.75;3.59;3.02
43;Austria;2012;2.61;2.78;2.82;3.52;1.72;3.05;2.86;3.62;2.47;3.36;4.21;2.44
246;Barbados;2012;2.06;2.39;2.10;2.51;2.01;2.94;2.02;3.02;2.17;2.46;3.51;2.82
32;Belgium;2012;3.04;2.80;2.20;2.97;2.00;3.02;2.62;3.43;2.65;3.07;3.85;2.34
387;Bosnia and Herzegovina;2012;2.32;2.10;1.73;2.13;2.34;2.75;1.97;2.84;3.22;2.08;3.25;2.12
267;Botswana;2012;2.72;2.74;2.29;2.40;2.01;2.66;2.14;2.91;3.13;2.50;3.07;2.73
55;Brazil;2012;2.42;2.30;1.62;2.28;1.57;2.41;1.98;2.54;3.42;2.22;2.99;2.66
56;Chile;2012;2.29;3.07;2.97;2.97;1.96;3.01;2.15;2.74;2.51;2.48;4.07;2.89
86;China;2012;2.37;2.61;2.56;2.51;1.75;2.75;2.67;2.79;3.68;2.59;3.93;2.97
57;Colombia;2012;2.32;3.11;2.57;2.96;2.47;3.15;2.52;2.78;2.50;2.61;3.15;3.04
506;Costa Rica;2012;2.05;2.69;2.06;2.78;2.17;2.99;2.54;2.95;2.59;2.65;3.51;2.86
385;Croatia;2012;2.12;1.96;1.74;2.19;1.95;2.65;2.13;2.78;3.47;2.09;3.50;1.98
45;Denmark;2012;2.32;2.51;2.56;3.13;2.61;2.65;2.49;3.23;2.81;2.61;4.09;2.58
593;Ecuador;2012;2.26;2.87;2.11;2.39;1.94;3.07;2.00;2.87;2.53;2.48;4.13;2.69
20;Egypt;2012;2.38;2.06;2.03;1.86;1.28;1.82;1.83;2.64;3.26;2.39;3.65;2.13
503;El Salvador;2012;1.86;1.87;2.21;2.31;1.82;2.81;1.77;2.63;2.17;2.44;4.00;3.10
372;Estonia;2012;2.75;2.37;3.54;2.93;1.98;2.71;2.79;3.18;3.58;3.01;4.32;3.38
251;Ethiopia;2012;2.40;3.54;3.07;2.62;2.38;3.01;2.22;2.67;3.91;2.70;3.33;2.96
358;Finland;2012;2.73;3.17;3.31;2.95;2.47;2.87;2.71;3.45;2.78;2.86;4.25;2.77
33;France;2012;2.86;3.52;2.89;3.61;1.96;3.24;2.72;3.27;3.05;2.74;3.91;2.52
49;Germany;2012;2.89;2.89;2.78;3.57;2.07;2.88;2.72;3.34;2.91;2.84;3.87;2.74
233;Ghana;2012;2.13;2.25;2.27;2.17;2.20;2.66;2.07;2.84;3.41;2.50;3.17;2.99
30;Greece;2012;1.65;1.59;1.81;1.72;1.63;2.44;2.15;2.97;3.00;2.12;3.34;2.05
36;Hungary;2012;2.51;2.30;1.92;2.52;1.60;2.74;2.44;3.17;2.82;2.40;4.04;2.40
91;India;2012;3.09;2.92;2.18;2.79;1.92;2.73;2.54;3.10;3.13;2.85;3.71;3.20
98;Iran;2012;2.16;2.29;1.85;1.73;1.40;2.44;1.88;2.90;3.59;2.15;4.26;2.28
353;Ireland;2012;2.44;3.02;2.82;3.28;2.07;2.83;2.92;3.21;2.81;2.99;3.92;3.15
972;Israel;2012;2.71;2.22;1.89;2.51;2.37;3.28;2.64;3.38;2.67;2.50;4.09;4.25
39;Italy;2012;2.34;2.61;1.71;2.13;1.86;2.46;2.61;3.08;2.97;2.49;3.27;2.41
876;Jamaica;2012;2.39;2.07;1.96;2.17;2.22;2.92;2.13;2.68;2.79;2.83;3.26;3.76
81;Japan;2012;2.34;2.68;2.26;2.60;1.60;2.42;2.64;2.54;3.74;2.83;4.16;2.45
371;Latvia;2012;2.73;2.79;2.67;3.02;2.87;3.17;2.33;3.38;2.44;3.10;4.05;3.19
370;Lithuania;2012;2.63;2.54;2.35;2.60;2.02;2.57;2.46;3.08;3.57;2.19;4.24;2.38
389;North Macedonia;2012;2.12;2.48;3.01;2.55;2.30;2.86;2.38;3.52;3.13;2.29;3.57;2.84
265;Malawi;2012;1.96;2.29;2.46;2.19;2.14;3.14;1.90;2.81;3.32;2.78;2.66;2.41
60;Malaysia;2012;3.58;3.27;2.84;3.17;2.39;2.94;2.91;3.31;3.91;2.97;4.03;3.29
52;Mexico;2012;2.04;2.50;1.93;2.89;1.72;2.96;2.27;2.77;2.54;2.14;3.58;2.96
264;Namibia;2012;2.53;2.96;2.44;2.49;2.68;3.08;2.21;3.06;2.95;2.62;3.90;3.24
31;Netherlands;2012;2.69;2.91;3.30;3.21;3.07;3.45;3.16;3.79;2.75;3.61;4.60;3.37
234;Nigeria;2012;2.20;1.97;1.99;2.00;2.09;2.44;1.87;2.87;3.67;2.38;3.05;3.21
47;Norway;2012;2.42;2.17;2.74;2.83;2.69;2.90;2.72;3.62;2.78;2.42;4.24;2.90
92;Pakistan;2012;2.83;2.12;2.24;2.15;2.11;3.02;2.46;3.32;3.35;2.71;3.65;2.84
970;Palestine;2012;2.52;2.24;2.43;1.86;1.69;2.44;2.30;3.07;3.13;2.10;3.52;2.89
507;Panama;2012;2.20;2.38;2.73;2.80;1.67;2.84;2.29;2.75;2.98;2.56;3.84;2.76
51;Peru;2012;2.37;2.65;2.37;2.43;2.15;3.14;2.04;2.92;2.57;2.82;3.69;3.24
48;Poland;2012;2.62;2.78;2.14;2.56;1.64;2.49;2.14;2.76;3.92;2.58;3.54;2.65
351;Portugal;2012;2.48;2.11;1.83;2.65;1.76;2.59;2.43;2.96;2.41;2.41;4.11;2.24
40;Romania;2012;2.13;2.23;2.00;2.21;2.11;2.58;2.31;2.83;3.03;2.64;3.18;2.20
7;Russia;2012;1.96;2.42;2.20;2.12;2.39;2.76;2.05;2.85;3.05;2.16;3.08;2.54
65;Singapore;2012;3.40;3.51;4.04;3.46;2.56;3.14;2.87;3.25;3.25;2.88;4.40;3.28
421;Slovakia;2012;2.38;2.11;2.27;2.23;2.08;2.79;1.99;3.12;2.62;2.83;3.94;2.17
386;Slovenia;2012;2.32;2.31;2.09;2.61;2.13;2.64;2.36;2.91;3.44;2.39;3.83;2.25
27;South Africa;2012;2.49;2.63;1.88;2.10;1.81;2.53;2.16;2.95;2.81;2.31;2.89;2.57
82;South Korea;2012;2.31;3.34;2.75;3.00;2.11;2.44;2.44;2.41;4.19;2.34;4.18;3.08
34;Spain;2012;2.06;2.68;2.60;2.79;1.53;2.34;2.34;3.05;2.79;2.46;3.98;2.35
46;Sweden;2012;2.52;2.64;2.53;2.99;2.39;2.47;2.51;2.84;3.46;2.50;4.16;2.67
41;Switzerland;2012;3.15;3.35;3.60;3.48;2.30;3.44;3.65;3.73;2.47;3.30;4.70;3.47
886;Taiwan;2012;2.95;2.29;2.88;2.80;1.99;2.81;2.60;2.62;3.49;2.81;4.15;3.19
66;Thailand;2012;2.77;2.45;2.43;2.21;1.89;2.63;1.90;2.69;3.40;2.18;3.98;2.88
868;Trinidad and Tobago;2012;2.81;2.13;2.24;2.48;2.15;3.02;2.29;3.10;2.95;2.29;3.46;2.58
216;Tunisia;2012;2.72;3.50;3.11;2.77;1.44;2.78;2.38;3.15;3.45;2.36;3.41;2.48
90;Turkey;2012;2.56;2.83;2.69;2.60;2.07;2.89;2.42;2.95;3.11;2.57;3.66;3.18
256;Uganda;2012;2.32;2.17;2.20;2.26;1.94;2.69;1.72;3.16;3.49;2.75;3.32;3.48
44;United Kingdom;2012;2.72;2.95;2.77;2.45;2.35;2.92;2.72;3.26;3.12;3.12;3.97;2.98
1;United States;2012;2.97;2.77;2.24;2.65;2.15;3.04;2.75;3.29;2.81;2.69;4.19;4.12
598;Uruguay;2012;2.19;2.52;2.70;2.98;2.07;3.11;2.95;3.14;2.19;2.77;3.84;2.60
260;Zambia;2012;2.14;2.50;2.64;2.21;1.93;2.46;1.85;3.07;3.11;2.90;3.11;2.59
213;Algeria;2011;2.91;3.16;2.63;3.11;2.22;2.67;2.73;3.12;3.40;2.59;3.18;2.99
54;Argentina;2011;2.10;1.87;1.67;2.29;1.97;2.92;2.29;2.84;2.91;2.45;3.73;2.66
61;Australia;2011;2.34;2.21;2.26;2.62;2.30;2.87;2.49;3.19;3.03;2.94;4.07;3.28
880;Bangladesh;2011;2.90;2.97;2.51;2.48;2.08;3.15;2.55;3.29;3.14;2.62;3.41;3.20
246;Barbados;2011;2.11;2.51;2.34;2.30;1.94;2.66;1.84;3.05;2.44;2.29;3.53;2.58
387;Bosnia and Herzegovina;2011;2.27;1.99;1.78;2.18;2.09;2.43;2.01;2.90;3.16;2.01;3.41;2.17
55;Brazil;2011;2.43;2.21;1.52;2.42;1.56;2.57;2.18;2.57;3.50;2.26;3.17;2.60
56;Chile;2011;2.42;3.09;2.84;2.79;1.78;2.72;2.27;2.87;2.41;2.47;4.07;2.93
57;Colombia;2011;1.96;2.66;2.12;2.54;2.14;3.23;2.06;2.44;2.62;2.14;3.00;2.78
385;Croatia;2011;2.26;2.07;1.84;2.36;1.88;2.73;2.25;2.84;3.32;2.22;3.65;2.27
420;Czech Republic;2011;2.09;1.83;2.06;2.18;1.70;2.59;2.18;3.02;2.95;2.84;3.93;2.18
358;Finland;2011;2.62;3.16;2.89;2.74;2.34;2.77;2.57;3.26;2.91;2.56;4.01;2.65
33;France;2011;2.47;3.07;2.88;3.20;1.55;2.98;2.44;2.98;3.22;2.13;4.21;2.36
49;Germany;2011;2.95;2.94;2.85;3.63;1.92;2.68;2.85;3.30;2.88;2.95;3.84;2.64
30;Greece;2011;1.88;1.88;1.83;1.96;1.94;2.64;2.13;2.86;3.12;2.18;3.46;2.44
502;Guatemala;2011;2.22;1.72;2.20;2.23;1.81;3.29;2.04;3.30;2.54;2.55;4.02;2.72
36;Hungary;2011;2.34;1.86;1.82;2.05;1.44;2.69;2.02;3.03;3.04;2.24;3.77;2.05
98;Iran;2011;1.70;1.72;1.78;1.57;1.37;2.44;1.96;2.58;3.25;1.60;3.11;2.20
353;Ireland;2011;2.41;2.70;2.64;3.18;1.95;2.87;2.83;3.28;3.06;2.91;3.51;3.21
876;Jamaica;2011;2.53;2.42;1.78;2.33;2.05;2.73;1.95;2.93;2.50;2.55;3.27;3.19
371;Latvia;2011;2.20;2.63;2.47;2.75;2.32;2.69;2.07;3.50;2.87;2.70;3.67;2.61
370;Lithuania;2011;2.63;2.24;2.10;2.28;2.00;2.75;2.19;2.95;3.72;2.25;3.95;2.48
60;Malaysia;2011;3.02;2.82;2.52;2.67;2.00;2.73;2.44;3.09;3.10;2.43;4.02;2.83
52;Mexico;2011;2.26;2.68;2.39;2.87;1.86;3.13;2.33;2.54;2.69;2.22;3.47;3.01
31;Netherlands;2011;2.88;2.46;2.60;3.10;2.88;3.21;2.85;3.57;2.59;3.28;4.56;3.00
234;Nigeria;2011;1.92;1.86;1.68;2.03;2.10;2.96;1.79;2.69;3.34;2.27;2.70;3.19
47;Norway;2011;2.81;2.31;2.82;2.92;2.53;2.63;2.74;3.41;2.84;2.34;4.26;2.63
92;Pakistan;2011;2.10;2.15;2.13;1.84;2.00;2.81;1.90;3.14;2.91;2.56;3.48;2.73
507;Panama;2011;2.23;2.38;3.02;2.95;1.41;2.51;2.21;2.64;2.44;2.67;3.97;2.93
51;Peru;2011;2.34;2.27;2.45;2.36;2.10;3.07;2.12;2.83;2.65;2.66;3.44;3.15
48;Poland;2011;2.52;2.86;1.94;2.58;2.02;2.46;2.21;2.90;4.15;2.91;3.44;2.77
351;Portugal;2011;3.05;2.57;1.91;2.86;1.73;2.81;2.46;2.95;2.77;2.35;3.96;1.88
7;Russia;2011;2.02;2.39;1.83;2.16;2.14;2.85;1.90;2.77;3.18;1.97;3.10;2.34
65;Singapore;2011;3.02;3.49;4.03;3.45;2.48;3.18;2.90;3.23;2.83;3.13;4.70;3.21
421;Slovakia;2011;2.13;2.19;2.44;2.04;1.99;2.62;1.87;3.29;2.74;2.59;3.98;2.29
386;Slovenia;2011;2.38;2.36;2.05;2.67;1.80;2.64;2.51;2.94;2.97;2.46;3.98;2.21
27;South Africa;2011;2.46;2.60;2.26;2.06;2.03;2.51;2.25;2.96;2.45;2.45;3.05;2.46
82;South Korea;2011;2.25;2.93;2.67;2.72;2.08;2.38;2.36;2.20;3.94;2.23;4.01;3.00
34;Spain;2011;2.06;2.06;2.21;2.72;1.56;2.34;2.13;2.58;2.69;2.16;3.46;2.21
46;Sweden;2011;2.66;2.63;2.61;2.84;2.30;2.84;2.63;3.08;3.19;2.54;4.44;2.91
41;Switzerland;2011;3.50;3.35;3.49;3.42;2.60;3.50;3.46;3.89;2.50;3.12;4.57;3.29
886;Taiwan;2011;3.21;2.59;3.20;3.14;2.47;3.10;2.88;2.87;3.85;3.33;4.12;3.72
66;Thailand;2011;2.86;2.86;2.81;2.60;2.18;3.15;2.40;3.19;3.50;2.57;3.89;3.29
868;Trinidad and Tobago;2011;2.48;2.33;2.29;2.07;1.93;2.63;2.09;3.21;2.66;2.31;3.72;2.63
90;Turkey;2011;2.38;2.65;2.32;2.32;2.19;2.60;2.26;2.97;3.58;2.27;3.45;2.66
971;United Arab Emirates;2011;3.10;3.34;3.20;3.14;2.60;3.30;2.56;3.45;3.60;2.85;4.14;3.41
44;United Kingdom;2011;2.29;2.62;3.01;2.31;2.21;2.60;2.22;3.28;3.04;3.04;3.93;3.08
598;Uruguay;2011;2.26;2.22;2.37;2.93;1.83;2.83;2.63;3.19;1.93;2.44;3.70;2.23
582;Venezuela;2011;1.95;1.90;1.61;1.82;1.72;3.17;2.03;2.88;3.53;2.39;3.27;2.91
244;Angola;2010;2.11;2.31;2.16;1.97;1.81;2.41;1.72;2.39;2.76;2.00;2.28;2.84
54;Argentina;2010;2.14;1.93;1.80;2.39;2.21;3.12;2.39;2.86;2.69;2.68;3.56;2.77
591;Bolivia;2010;2.23;1.82;2.16;1.86;1.66;2.81;1.85;2.44;2.61;2.45;3.27;2.30
387;Bosnia and Herzegovina;2010;2.27;1.88;1.81;2.01;2.04;2.56;2.09;2.82;3.57;2.03;3.27;2.27
55;Brazil;2010;2.47;2.13;1.43;2.33;1.45;2.40;2.29;2.60;3.81;2.21;3.39;2.63
56;Chile;2010;2.42;2.64;2.51;2.57;1.60;2.84;2.18;2.72;2.40;2.45;3.91;2.57
86;China;2010;2.54;2.74;2.58;2.55;1.89;2.87;2.65;2.54;3.94;2.60;3.90;3.35
57;Colombia;2010;2.30;2.71;2.67;2.98;2.18;3.45;2.29;2.90;2.35;2.82;3.61;3.13
506;Costa Rica;2010;2.03;2.22;1.73;2.22;1.99;2.95;2.05;2.72;2.29;2.33;3.35;2.51
385;Croatia;2010;2.42;2.27;1.96;2.49;2.11;2.76;2.30;2.83;3.31;2.17;3.62;2.42
593;Ecuador;2010;2.21;2.66;1.97;2.09;1.98;2.91;1.99;2.96;2.77;2.02;3.54;2.56
20;Egypt;2010;2.40;2.69;2.20;2.12;1.27;2.11;1.83;2.64;3.36;2.21;3.62;2.10
358;Finland;2010;3.15;3.27;3.28;2.88;2.35;2.98;2.77;3.46;2.82;2.77;4.41;2.90
33;France;2010;2.43;3.08;2.76;3.07;1.58;3.14;2.47;3.07;2.77;1.92;3.88;2.26
49;Germany;2010;2.87;3.10;2.72;3.71;2.07;2.83;2.85;3.16;2.96;2.77;3.93;2.61
233;Ghana;2010;2.29;2.70;2.19;2.25;2.05;2.75;2.01;3.10;3.21;2.62;2.88;3.02
30;Greece;2010;1.84;1.70;1.65;1.99;1.92;2.51;2.15;2.79;2.35;2.32;3.16;2.56
502;Guatemala;2010;1.91;1.71;2.20;1.66;1.61;3.16;1.81;2.92;2.64;2.17;3.81;2.55
36;Hungary;2010;2.19;2.09;1.54;2.09;1.83;2.89;2.09;2.88;2.95;2.15;3.44;2.38
354;Iceland;2010;1.92;2.80;3.35;2.89;2.20;3.20;2.79;2.91;3.41;2.70;4.55;3.91
98;Iran;2010;1.82;2.02;1.96;1.80;1.48;2.47;2.02;2.52;3.24;1.74;3.36;2.53
353;Ireland;2010;2.23;2.64;2.74;3.25;2.22;2.88;2.64;3.27;2.86;2.86;3.31;3.05
972;Israel;2010;2.91;2.20;2.08;2.58;1.93;2.90;2.72;3.66;2.25;2.35;4.12;3.97
39;Italy;2010;2.17;1.92;1.79;2.22;1.53;2.82;2.21;2.52;2.96;2.36;2.82;2.32
876;Jamaica;2010;2.27;2.41;1.92;2.42;2.33;3.07;2.18;3.14;2.28;2.63;3.44;3.45
81;Japan;2010;2.23;2.51;1.96;2.35;1.53;2.47;2.41;2.26;3.68;2.36;3.89;2.27
371;Latvia;2010;2.28;2.50;2.37;2.45;2.82;3.25;2.50;3.62;2.59;2.65;4.04;3.05
389;North Macedonia;2010;1.92;2.23;2.81;2.40;2.19;3.04;2.19;3.34;3.01;2.33;3.61;2.49
60;Malaysia;2010;3.43;3.00;2.48;3.07;2.31;2.97;2.77;3.22;3.41;2.75;4.01;3.20
52;Mexico;2010;2.76;3.19;2.25;3.11;2.15;3.58;2.60;2.96;2.78;2.52;3.70;3.31
382;Montenegro;2010;2.50;2.73;2.36;2.74;2.17;3.35;2.58;2.93;3.64;2.37;3.70;2.51
47;Norway;2010;2.95;2.38;2.55;2.89;2.33;2.54;2.67;3.20;2.79;2.37;3.99;2.54
92;Pakistan;2010;2.46;2.01;2.25;1.98;1.52;2.79;2.09;3.30;3.03;2.79;3.55;2.88
970;Palestine;2010;2.55;2.59;2.84;2.11;1.89;2.53;2.58;3.28;3.17;2.36;3.55;3.16
51;Peru;2010;2.54;2.24;2.32;2.21;2.15;2.80;2.04;2.81;2.61;2.78;3.52;3.08
351;Portugal;2010;2.55;2.51;2.05;2.65;1.70;2.87;2.44;2.88;2.61;2.19;3.94;2.08
7;Russia;2010;1.94;2.34;2.00;2.08;1.98;2.76;1.88;2.97;3.16;2.40;3.25;2.43
966;Saudi Arabia;2010;3.10;2.46;3.04;2.28;1.80;2.67;2.54;3.35;2.95;2.54;4.18;3.14
386;Slovenia;2010;2.49;2.53;2.40;2.68;2.17;2.98;2.40;3.19;3.11;2.57;3.97;2.14
27;South Africa;2010;2.48;2.70;2.15;2.12;1.75;2.44;2.08;2.95;2.85;2.49;3.09;2.50
82;South Korea;2010;2.25;3.13;2.99;2.95;2.12;2.37;2.45;2.34;4.06;2.44;4.01;3.02
34;Spain;2010;2.09;2.40;2.21;2.50;1.59;2.26;2.24;2.86;2.55;2.31;3.61;2.28
46;Sweden;2010;2.58;2.53;1.94;2.58;2.05;2.27;2.22;2.93;3.06;2.68;4.15;2.39
41;Switzerland;2010;2.93;3.01;3.35;3.41;2.25;3.25;3.38;3.40;2.33;2.88;4.44;3.04
886;Taiwan;2010;3.20;2.81;3.27;3.46;2.47;3.22;3.32;2.84;3.96;3.03;4.13;3.89
868;Trinidad and Tobago;2010;2.45;2.14;2.42;2.49;2.05;2.86;1.81;3.09;2.70;2.37;3.48;2.70
216;Tunisia;2010;3.07;4.55;3.42;3.49;1.87;3.18;2.62;3.14;3.53;2.34;3.89;3.13
90;Turkey;2010;2.06;2.57;2.22;2.21;2.21;2.52;2.37;2.77;3.68;2.19;3.33;2.06
256;Uganda;2010;2.22;2.56;1.78;2.02;1.93;3.02;1.95;2.97;3.43;2.52;3.15;2.91
44;United Kingdom;2010;2.48;2.56;2.50;2.60;2.00;2.60;2.49;3.15;3.06;2.87;4.00;2.72
1;United States;2010;2.24;2.61;2.22;2.71;1.96;2.70;2.29;3.18;2.87;2.63;3.56;3.79
598;Uruguay;2010;2.13;2.37;2.50;3.15;1.70;3.29;2.78;3.12;1.91;2.63;4.17;2.17
678;Vanuatu;2010;1.45;1.88;2.03;1.96;2.11;2.56;1.90;2.16;2.91;2.13;2.28;2.17
260;Zambia;2010;2.16;2.64;2.64;2.68;2.28;2.99;1.94;3.04;3.08;3.07;3.03;2.52
